sequence_name,SA_i,n_evaluable_frames,n_pred_frames,n_label_frames
02_6319_1500-2999,0.394185581117557,1500,1500,1500
02_6321_0274-2773,0.154964545029945,1500,1500,1500
03_2499_0962-2461,0.585037206242131,1500,1500,1500
03_3780_0001-1499,0.274559016617701,1500,1500,1500
04_8618_1215-2714,0.778781953853788,1500,1500,1500
20190925_101846_1_4,0.00700625155520326,1000,1000,1000
20190925_101846_1_5,0.125795590635564,1000,1000,1000
20190925_111757_1_1,0.718046435476888,1000,1000,1000
20190925_111757_1_10,0.287128177224101,348,348,348
20190925_111757_1_2,0.209806573464209,994,1000,1000
20190925_111757_1_3,0.777655872530329,1000,1000,1000
20190925_111757_1_4,0.818855300512624,1000,1000,1000
20190925_111757_1_5,0.0679851685681395,1000,1000,1000
20190925_111757_1_6,0.193787093140936,1000,1000,1000
20190925_111757_1_7,0.550158524851777,1000,1000,1000
20190925_111757_1_8,0.370175160641787,948,948,948
20190925_111757_1_9,0.31243028468023,991,1000,1000
20190925_124000_1_1,0.771522628066841,1000,1000,1000
20190925_124000_1_10,0.700135751997785,164,164,164
20190925_124000_1_2,0.790873066344055,1000,1000,1000
20190925_124000_1_3,0.763896186971768,1000,1000,1000
20190925_124000_1_4,0.433641775813166,1000,1000,1000
20190925_124000_1_5,0.0021636491659289,1000,1000,1000
20190925_124000_1_6,0.365557252006854,999,1000,1000
20190925_124000_1_7,0.0292622727769338,1000,1000,1000
20190925_124000_1_8,0.0402028101649986,1000,1000,1000
20190925_124000_1_9,0.0743115300739154,1000,1000,1000
20190925_124612_1_1,0.615369614154251,1000,1000,1000
20190925_124612_1_2,0.20635335006216,1000,1000,1000
20190925_124612_1_3,0.0182692163023545,1000,1000,1000
20190925_124612_1_4,0.722738996533187,999,1000,1000
20190925_124612_1_5,0.741712748905504,1000,1000,1000
20190925_124612_1_6,0.75649319895745,1000,1000,1000
20190925_124612_1_7,0.2960394648238,1000,1000,1000
20190925_124612_1_8,0.273287855912974,923,923,923
20190925_134301_1_1,0.094661506399453,1000,1000,1000
20190925_134301_1_2,0.657265683473104,1000,1000,1000
20190925_134301_1_3,0.00765304883330398,1000,1000,1000
20190925_134301_1_4,0.635093930787999,1000,1000,1000
20190925_134301_1_5,0.182410948627682,1000,1000,1000
20190925_134301_1_6,0.0290251760126424,1000,1000,1000
20190925_134301_1_7,0.747695120143573,1000,1000,1000
20190925_134301_1_8,0.186182990070094,1000,1000,1000
20190925_134301_1_9,0.0158838248966347,619,619,619
20190925_193610_1_1,0.0914891655980452,925,926,926
20190925_193610_1_2,0.164654673691074,932,932,932
20190925_193610_1_3,0.114660973328966,950,950,950
20190925_193610_1_4,0.109452364484677,943,943,943
20190925_193610_1_5,0.0230633988952077,948,948,948
20190925_193610_1_6,0.0281723445330009,923,923,923
20190925_193610_1_7,0.243672184351688,939,939,939
20190925_193610_1_8,0.0313918255440139,921,921,921
20190925_193610_1_9,0.250262238815761,888,889,889
20190925_200805_1_1,0.0113781962025084,949,950,950
20190925_200805_1_2,0.0284489926267145,934,934,934
20190925_200805_1_3,0.0632993497546926,999,1000,1000
20190925_200805_1_4,0.13627123958608,940,940,940
20190925_200805_1_5,0.059983040188258,1000,1000,1000
20190925_200805_1_6,0.176298032060213,862,862,862
20190925_200805_1_7,0.291768740382922,958,958,958
20190925_200805_1_8,0.0401708570365064,930,930,930
20190925_200805_1_9,0.112727246921153,475,475,475
20190926_095902_1_1,0.0940618958451737,1000,1000,1000
20190926_095902_1_2,0.657436391673112,1000,1000,1000
20190926_095902_1_4,0.487320728335788,1000,1000,1000
20190926_095902_1_5,0.400696228824185,1000,1000,1000
20190926_095902_1_6,0.723985508581755,1000,1000,1000
20190926_095902_1_7,0.825308840887703,1000,1000,1000
20190926_095902_1_9,0.784967683088704,764,764,764
20190926_102042_1_1,0.761334042837697,1000,1000,1000
20190926_102042_1_2,0.0942246148563015,997,1000,1000
20190926_102042_1_3,0.0827727323705937,1000,1000,1000
20190926_102042_1_4,0.0387638714827572,1000,1000,1000
20190926_102042_1_5,0.614770049280482,1000,1000,1000
20190926_102042_1_6,0.776599678603349,1000,1000,1000
20190926_102042_1_7,0.632802293366699,985,1000,1000
20190926_102042_1_8,0.517692637909115,1000,1000,1000
20190926_102042_1_9,0.132144256325108,429,429,429
20190926_111509_1_1,0.769341468483095,1000,1000,1000
20190926_111509_1_2,0.128349984831548,1000,1000,1000
20190926_111509_1_3,0.760559304246132,1000,1000,1000
20190926_111509_1_4,0.703770065991499,1000,1000,1000
20190926_111509_1_5,0.854871850499892,1000,1000,1000
20190926_111509_1_6,0.739553322690677,1000,1000,1000
20190926_111509_1_7,0.291282111444391,1000,1000,1000
20190926_111509_1_8,0.623858231717878,1000,1000,1000
20190926_111509_1_9,0.583903136790283,139,139,139
20190926_134054_1_1,0.65694749652307,1000,1000,1000
20190926_134054_1_2,0.0610313899507028,1000,1000,1000
20190926_134054_1_3,0.381846912738656,1000,1000,1000
20190926_134054_1_4,0.15935197423686,1000,1000,1000
20190926_134054_1_5,0.0453490000335657,1000,1000,1000
20190926_134054_1_6,0.764770104639164,1000,1000,1000
20190926_134054_1_7,0.701403565257837,1000,1000,1000
20190926_134054_1_8,0.730600505892245,1000,1000,1000
3700000000002_130905_1,0.711574455261303,1500,1500,1500
3700000000002_132726_2,0.728138022492751,1500,1500,1500
3700000000002_132726_4,0.158654427645668,1500,1500,1500
3700000000002_133828_2,0.00312409367062932,1500,1500,1500
3700000000002_135232_2,0.0167206252282103,1500,1500,1500
3700000000002_140908_1,0.121950997107041,1500,1500,1500
3700000000002_142320_2,0.145771068746462,1500,1500,1500
3700000000002_142320_4,0.0446804957861113,1500,1500,1500
3700000000002_144152_1,0.246311889825393,1500,1500,1500
3700000000002_151056_1,0.534418417044286,1500,1500,1500
3700000000002_151056_4,0.102562515561825,1500,1500,1500
3700000000002_152538_1,0.0913489392716624,1500,1500,1500
3700000000002_153139_2,0.120018947235851,1500,1500,1500
3700000000002_153514_1,0.734435722039291,1500,1500,1500
3700000000002_153918_1,0.0430237386525373,1500,1500,1500
3700000000002_153934_1,0.0783446803223779,1500,1500,1500
3700000000002_162623_1,0.000741453306929997,1500,1500,1500
new10_train_newfix,0.00916872118988043,1491,1491,1491
new11_train_newfix,0.633538886335344,1491,1491,1491
new21_train_newfix,0.157807319718098,1491,1491,1491
new22_train-new,0.0670426066131247,1500,1500,1500
new23_train_newfix,0.253056279711489,1491,1491,1491
new25_train_newfix,0.662972891953872,1491,1491,1491
new6_train_newfix,0.613081618791115,1491,1491,1491
new9_train_newfix,0.559271839902211,1491,1491,1491
