sequence_name,SA_reconstructed,n_scored_frames,n_zero_gt_absent,n_absent_predictions,OV,size_stratum
02_6319_1500-2999,0.394185581117557,1500,0,0,0,Tiny
02_6321_0274-2773,0.154964545029945,1500,0,0,0,Tiny
03_2499_0962-2461,0.585037206242131,1500,11,0,1,Tiny
03_3780_0001-1499,0.274559016617701,1500,0,0,0,Tiny
04_8618_1215-2714,0.778781953853788,1500,0,0,0,Tiny
20190925_101846_1_4,0.00700625155520326,1000,0,0,0,Small
20190925_101846_1_5,0.125795590635564,1000,0,0,0,Small
20190925_111757_1_1,0.718046435476888,1000,0,0,0,Medium
20190925_111757_1_10,0.287128177224101,348,217,0,1,Small
20190925_111757_1_2,0.208547734023424,1000,6,0,0,Small
20190925_111757_1_3,0.777655872530329,1000,0,0,0,Medium
20190925_111757_1_4,0.818855300512624,1000,0,0,0,Medium
20190925_111757_1_5,0.0679851685681395,1000,0,0,0,Medium
20190925_111757_1_6,0.193787093140936,1000,0,0,0,Small
20190925_111757_1_7,0.550158524851777,1000,111,0,1,Small
20190925_111757_1_8,0.370175160641787,948,0,0,0,Small
20190925_111757_1_9,0.309618412118108,1000,9,0,0,Tiny
20190925_124000_1_1,0.771522628066841,1000,0,0,0,Medium
20190925_124000_1_10,0.700135751997785,164,0,0,0,Small
20190925_124000_1_2,0.790873066344055,1000,0,0,0,Medium
20190925_124000_1_3,0.763896186971768,1000,0,0,0,Medium
20190925_124000_1_4,0.433641775813166,1000,0,0,0,Small
20190925_124000_1_5,0.0021636491659289,1000,0,0,0,Small
20190925_124000_1_6,0.365191694754848,1000,1,0,0,Small
20190925_124000_1_7,0.0292622727769338,1000,0,0,0,Small
20190925_124000_1_8,0.0402028101649986,1000,0,0,0,Small
20190925_124000_1_9,0.0743115300739154,1000,0,0,0,Small
20190925_124612_1_1,0.615369614154251,1000,0,0,0,Medium
20190925_124612_1_2,0.20635335006216,1000,0,0,0,Small
20190925_124612_1_3,0.0182692163023545,1000,70,0,1,Small
20190925_124612_1_4,0.722016257536654,1000,1,0,0,Medium
20190925_124612_1_5,0.741712748905504,1000,0,0,0,Medium
20190925_124612_1_6,0.75649319895745,1000,0,0,0,Medium
20190925_124612_1_7,0.2960394648238,1000,0,0,0,Small
20190925_124612_1_8,0.273287855912974,923,0,0,0,Small
20190925_134301_1_1,0.094661506399453,1000,0,0,0,Small
20190925_134301_1_2,0.657265683473104,1000,0,0,0,Small
20190925_134301_1_3,0.00765304883330398,1000,0,0,0,Small
20190925_134301_1_4,0.635093930787999,1000,0,0,0,Small
20190925_134301_1_5,0.182410948627682,1000,0,0,0,Small
20190925_134301_1_6,0.0290251760126424,1000,23,0,0,Small
20190925_134301_1_7,0.748012765367492,1000,14,0,0,Small
20190925_134301_1_8,0.186182990070094,1000,0,0,0,Small
20190925_134301_1_9,0.0158838248966347,619,0,0,0,Small
20190925_193610_1_1,0.0913903652032309,926,47,0,1,Small
20190925_193610_1_2,0.164654673691074,932,53,0,1,Small
20190925_193610_1_3,0.114660973328966,950,28,0,1,Small
20190925_193610_1_4,0.109452364484677,943,54,0,1,Small
20190925_193610_1_5,0.0230633988952077,948,14,0,1,Small
20190925_193610_1_6,0.0281723445330009,923,0,0,0,Medium
20190925_193610_1_7,0.243672184351688,939,0,0,0,Small
20190925_193610_1_8,0.0313918255440139,921,0,0,0,Small
20190925_193610_1_9,0.249980728985822,889,1,0,0,Tiny
20190925_200805_1_1,0.0113662191538741,950,1,0,0,Small
20190925_200805_1_2,0.0284489926267145,934,0,0,0,Small
20190925_200805_1_3,0.0632360504049379,1000,1,0,0,Tiny
20190925_200805_1_4,0.13627123958608,940,0,0,0,Tiny
20190925_200805_1_5,0.059983040188258,1000,56,0,1,Small
20190925_200805_1_6,0.176298032060213,862,12,0,1,Small
20190925_200805_1_7,0.291768740382922,958,7,0,1,Small
20190925_200805_1_8,0.0401708570365064,930,26,0,1,Small
20190925_200805_1_9,0.112727246921153,475,1,0,1,Small
20190926_095902_1_1,0.0940618958451737,1000,5,0,1,Medium
20190926_095902_1_2,0.657436391673112,1000,0,0,0,Medium
20190926_095902_1_4,0.487320728335788,1000,0,0,0,Medium
20190926_095902_1_5,0.400696228824185,1000,0,0,0,Medium
20190926_095902_1_6,0.723985508581755,1000,0,0,0,Medium
20190926_095902_1_7,0.825308840887703,1000,0,0,0,Medium
20190926_095902_1_9,0.784967683088704,764,0,0,0,Medium
20190926_102042_1_1,0.761334042837697,1000,0,0,0,Medium
20190926_102042_1_2,0.0939419410117326,1000,66,0,1,Tiny
20190926_102042_1_3,0.0827727323705937,1000,0,0,0,Medium
20190926_102042_1_4,0.0387638714827572,1000,0,0,0,Medium
20190926_102042_1_5,0.614770049280482,1000,0,0,0,Medium
20190926_102042_1_6,0.776599678603349,1000,0,0,0,Small
20190926_102042_1_7,0.623310258966199,1000,15,0,0,Small
20190926_102042_1_8,0.517692637909115,1000,0,0,0,Small
20190926_102042_1_9,0.132144256325108,429,0,0,0,Small
20190926_111509_1_1,0.769341468483095,1000,0,0,0,Normal
20190926_111509_1_2,0.128349984831548,1000,0,0,0,Medium
20190926_111509_1_3,0.760559304246132,1000,20,0,1,Medium
20190926_111509_1_4,0.703770065991499,1000,0,0,0,Normal
20190926_111509_1_5,0.854871850499892,1000,0,0,0,Normal
20190926_111509_1_6,0.739553322690677,1000,0,0,0,Normal
20190926_111509_1_7,0.291282111444391,1000,0,0,0,Medium
20190926_111509_1_8,0.623858231717878,1000,0,0,0,Medium
20190926_111509_1_9,0.583903136790283,139,0,0,0,Medium
20190926_134054_1_1,0.65694749652307,1000,0,0,0,Small
20190926_134054_1_2,0.0610313899507028,1000,0,0,0,Small
20190926_134054_1_3,0.381846912738656,1000,0,0,0,Small
20190926_134054_1_4,0.15935197423686,1000,0,0,0,Small
20190926_134054_1_5,0.0453490000335657,1000,0,0,0,Small
20190926_134054_1_6,0.764770104639164,1000,0,0,0,Small
20190926_134054_1_7,0.701403565257837,1000,0,0,0,Small
20190926_134054_1_8,0.730600505892245,1000,0,0,0,Medium
3700000000002_130905_1,0.711574455261303,1500,0,0,0,Tiny
3700000000002_132726_2,0.728138022492751,1500,6,0,1,Tiny
3700000000002_132726_4,0.158654427645668,1500,39,0,1,Tiny
3700000000002_133828_2,0.00312409367062932,1500,200,0,1,Tiny
3700000000002_135232_2,0.0167206252282103,1500,165,0,1,Tiny
3700000000002_140908_1,0.121950997107041,1500,66,0,1,Tiny
3700000000002_142320_2,0.145771068746462,1500,0,0,1,Tiny
3700000000002_142320_4,0.0446804957861113,1500,46,0,1,Tiny
3700000000002_144152_1,0.246311889825393,1500,82,0,1,Tiny
3700000000002_151056_1,0.534418417044286,1500,0,0,0,Tiny
3700000000002_151056_4,0.102562515561825,1500,0,0,1,Tiny
3700000000002_152538_1,0.0913489392716624,1500,228,0,1,Tiny
3700000000002_153139_2,0.120018947235851,1500,34,0,1,Tiny
3700000000002_153514_1,0.734435722039291,1500,0,0,0,Small
3700000000002_153918_1,0.0430237386525373,1500,305,0,1,Tiny
3700000000002_153934_1,0.0783446803223779,1500,308,0,1,Tiny
3700000000002_162623_1,0.000741453306929997,1500,304,0,1,Tiny
new10_train_newfix,0.00916872118988043,1491,0,0,0,Tiny
new11_train_newfix,0.633538886335344,1491,0,0,0,Small
new21_train_newfix,0.157807319718098,1491,0,0,0,Tiny
new22_train-new,0.0670426066131247,1500,0,0,0,Tiny
new23_train_newfix,0.253056279711489,1491,0,0,0,Tiny
new25_train_newfix,0.662972891953872,1491,0,0,0,Tiny
new6_train_newfix,0.613081618791115,1491,0,0,0,Tiny
new9_train_newfix,0.559271839902211,1491,0,0,0,Tiny
